algorithm,original_filename,score
bbhe,MuzYhuKsV6.png,6.52
bbhe,eD80tfb0.png,24.04
bbhe,1UXZfhm4.png,4.36
bbhe,VaD7nRZa.png,23.15
bbhe,Cc00ToIMR8.png,17.17
bbhe,5RvkxlEn.png,17.74
bbhe,iB4bryDl.png,0.57
bbhe,cWgtknxT.png,6.55
bbhe,2482.png,20.71
bbhe,HyRDlr6n.png,10.22
bbhe,vdTpgLvv.png,9.22
bbhe,Npu9rXIe.png,8.07
bbhe,ArTcMtzr.png,18.04
bbhe,2712.png,22.63
bbhe,CIVzV3mb.png,26.93
bbhe,3dvapOjm.png,2.35
bbhe,e6F1B4Nu.png,13.02
bbhe,2952.png,34.79
bbhe,FH6CKJPm.png,6.12
bbhe,9zHgXPOC.png,5.33
bbhe,myOVtxk2.png,9.54
bbhe,3732.png,40.72
bbhe,t4bWTXvcYK.png,32.34
bbhe,1GM0KHq0.png,25.6
bbhe,4542.png,32.05
bbhe,1U1JtTj5.png,20.33
bbhe,3HtNl6m1.png,1.46
bbhe,0cbjzEYU.png,15.8
bbhe,kPVkAyrY.png,14.95
bbhe,CmpRCo4s.png,5.13
bbhe,rsfnjiLK.png,19.29
bbhe,kyQ2yLJO.png,10.56
bbhe,EVyObaim.png,17.03
bbhe,p5UHDR4B.png,38.87
bbhe,8uJvuh9c.png,26.96
bbhe,a1Zj8R9J.png,2.4
bbhe,YDA8oX3r.png,13.37
bbhe,nI8qfDOzfs.png,35.8
bbhe,P7DvpTbO.png,5.7
bbhe,oMQIIlkmQs.png,7.86
bbhe,p7AcQyu4.png,10.37
bbhe,uzq8JHcv.png,8.83
bbhe,Ck4khjdQ.png,35.86
bbhe,RV2ohLWa.png,34.49
bbhe,oSFm1qls.png,6.48
bbhe,imyyw77u.png,18.15
bbhe,4342.png,53.85
bbhe,571OQBB3.png,18.03
bbhe,EPZR1fy0.png,5.89
bbhe,Tatbt7GF.png,21.09
bbhe,LfTAP6mC.png,15.56
bbhe,UrQOC1ml.png,4.95
bbhe,SysAwAyC.png,27.65
bbhe,1JjDOfGV.png,7.45
bbhe,C5dRF6Bx.png,20.2
bbhe,rTZ2kCFZ.png,20.25
bbhe,4GhWdDgL.png,7.2
bbhe,1qi37zp9.png,13.15
bbhe,ZYf6pW74.png,23.54
bbhe,SNx8RfoB.png,27.48
bbhe,2572.png,18.78
bbhe,KqXeI8YB.png,24.16
bbhe,4112.png,11.0
bbhe,GBSztbDR.png,16.82
bbhe,jhoN0GAh.png,14.86
bbhe,dYALjrEi.png,27.03
bbhe,xadCi5HBxc.png,8.48
bbhe,oMvb4N1U.png,45.79
bbhe,vwj2tucD.png,24.3
bbhe,NCieZQsu.png,5.6
bbhe,fDVGdljM.png,1.42
bbhe,j7Xr6qTR.png,14.79
bbhe,8VsJwN6h.png,8.31
bbhe,3LMlKF8J.png,13.21
bbhe,L89OcRuX.png,19.9
bbhe,RTteaWRH.png,24.9
bbhe,p5atvZRX.png,9.32
bbhe,emEWx4JF.png,2.94
bbhe,7hELOk55.png,26.18
bbhe,912.png,20.09
bbhe,aI3134Gxqs.png,0.13
bbhe,phLN04FA.png,15.46
bbhe,UWcUPcvd.png,20.27
bbhe,PekClLmT.png,37.64
bbhe,jb2OPpkq.png,12.02
bbhe,trqsuJYz.png,20.42
bbhe,cSCqquLSO7.png,48.98
bbhe,png94Aoo.png,49.44
bbhe,syEnsfOi.png,34.63
bbhe,vi109UTc.png,23.61
bbhe,ZfmtpDL9.png,6.61
bbhe,S8ISSF7y.png,32.4
bbhe,DFxh5iCv0V.png,37.87
bbhe,nvlANjdbd6.png,8.12
bbhe,FRFRsMss.png,11.68
bbhe,D6ooFFsb.png,40.38
bbhe,IRNeuPY7Fs.png,8.57
bbhe,iR11xmm6.png,14.95
bbhe,UPWvipTI.png,37.82
bbhe,IUY4ozVz.png,27.61
bbhe,15OshbSL.png,8.54
bbhe,38aOJGmc.png,9.54
bbhe,3zjXPhH6.png,5.38
bbhe,PBftIQuS.png,14.37
bbhe,AfQjsi4W.png,19.22
bbhe,wjEH5Wse.png,16.56
bbhe,kqFfRw0s.png,12.33
bbhe,YN3WBEw4Nm.png,2.22
bbhe,3892.png,25.0
bbhe,YXlYNduz.png,18.43
bbhe,5bUMtSIR.png,4.88
bbhe,fHkWwhPL.png,11.7
bbhe,1122.png,7.38
bbhe,1002.png,28.72
bbhe,T8m5vOOh.png,3.07
bbhe,5jZ7JEaf.png,7.07
bbhe,1GjI0YIS.png,30.43
bbhe,ZubodrV3.png,33.34
bbhe,Aou9FnAk.png,13.74
bbhe,KK8BVNDT.png,2.63
bbhe,ukDHdzTk.png,33.76
bbhe,st8rpLhL.png,18.66
bbhe,hZFzX6tN.png,15.34
bbhe,jfvtHMHq.png,24.64
bbhe,HRIDu722.png,44.92
bbhe,waIStcBU.png,26.22
bbhe,2492.png,24.08
bbhe,Pdk7EOAN.png,5.14
bbhe,nW0D1IyP.png,22.38
bbhe,WpMKEZlQ.png,23.15
bbhe,sIRg3bxV.png,28.56
bbhe,uul3ykO7.png,20.38
bbhe,lDGCNIdULi.png,21.75
bbhe,61a6Lr0z.png,21.55
bbhe,3342.png,46.87
bbhe,LWrPSUGL.png,7.03
bbhe,S63ETFU7.png,27.0
bbhe,r8va3t5s.png,9.52
bbhe,KoUS8MUu.png,18.19
bbhe,K6Zzjawc.png,19.68
bbhe,wOo8ErAp.png,6.29
bbhe,xbCT8GYB.png,4.58
bbhe,nwsa6vQR.png,3.13
bbhe,jWmtaMHD.png,4.29
bbhe,YSv3ZMAB.png,11.68
bbhe,f59DwMeQ.png,12.11
bbhe,C2sW02Pb.png,28.34
bbhe,76YyJwJY.png,5.34
bbhe,eZOixM83.png,8.0
bbhe,Wlm1gZ36.png,5.71
bbhe,uzUpltzR.png,24.84
bbhe,w76UyAAA.png,7.16
bbhe,lbJ9bk0k.png,12.39
bbhe,sfk3xiQF.png,27.37
bbhe,5sMX8TjO.png,10.1
bbhe,gx8Ivlr7.png,40.09
bbhe,aNnbkReO.png,8.7
bbhe,f1B2hShN.png,7.67
bbhe,3qJF9mJq.png,7.81
bbhe,5022.png,51.36
bbhe,p1YUESDg.png,23.15
bbhe,isiXY0j2.png,11.65
bbhe,9OjeQH6M.png,12.99
bbhe,YEstuk8V.png,36.6
bbhe,AVCp2OuH.png,7.16
bbhe,76jFmOA9.png,8.32
bbhe,uWqIuxIe.png,33.16
bbhe,4532.png,16.89
bbhe,0AKZCRZA.png,8.68
bbhe,pqpowjWytV.png,6.04
bbhe,j1xXEzjl.png,2.62
bbhe,tOdxgRa3.png,5.98
bbhe,SmVALmIE.png,22.88
splinet,wOo8ErAp.png,11.31
splinet,r8va3t5s.png,9.57
splinet,AVCp2OuH.png,3.56
splinet,phLN04FA.png,11.85
splinet,pqpowjWytV.png,11.53
splinet,AfQjsi4W.png,17.32
splinet,76jFmOA9.png,0.02
splinet,w76UyAAA.png,4.84
splinet,oSFm1qls.png,26.0
splinet,p1YUESDg.png,21.02
splinet,aI3134Gxqs.png,13.58
splinet,1JjDOfGV.png,13.78
splinet,9zHgXPOC.png,12.0
splinet,PekClLmT.png,32.38
splinet,gx8Ivlr7.png,45.51
splinet,tOdxgRa3.png,9.23
splinet,eD80tfb0.png,19.16
splinet,8VsJwN6h.png,5.26
splinet,YEstuk8V.png,29.06
splinet,5bUMtSIR.png,6.09
splinet,syEnsfOi.png,34.48
splinet,3dvapOjm.png,2.68
splinet,4532.png,6.16
splinet,oMvb4N1U.png,43.18
splinet,MuzYhuKsV6.png,0.89
splinet,S63ETFU7.png,24.74
splinet,3LMlKF8J.png,4.31
splinet,xadCi5HBxc.png,14.99
splinet,uzq8JHcv.png,0.4
splinet,f1B2hShN.png,3.94
splinet,1GjI0YIS.png,11.49
splinet,KK8BVNDT.png,3.87
splinet,Cc00ToIMR8.png,11.56
splinet,Aou9FnAk.png,17.89
splinet,5jZ7JEaf.png,13.81
splinet,RV2ohLWa.png,30.0
splinet,p5atvZRX.png,13.98
splinet,Wlm1gZ36.png,7.32
splinet,ZubodrV3.png,32.56
splinet,xbCT8GYB.png,9.92
splinet,DFxh5iCv0V.png,34.09
splinet,uWqIuxIe.png,32.32
splinet,YXlYNduz.png,38.02
splinet,t4bWTXvcYK.png,29.41
splinet,1hE4hLmY.png,1.39
splinet,p7AcQyu4.png,5.15
splinet,lbJ9bk0k.png,7.44
splinet,j7Xr6qTR.png,17.34
splinet,D6ooFFsb.png,30.81
splinet,aNnbkReO.png,3.23
splinet,VaD7nRZa.png,21.02
splinet,LWrPSUGL.png,12.59
splinet,HRIDu722.png,41.07
splinet,YN3WBEw4Nm.png,17.83
splinet,2492.png,27.73
splinet,ZYf6pW74.png,8.9
splinet,K6Zzjawc.png,22.75
splinet,Hq2PRwHf.png,0.56
splinet,61a6Lr0z.png,18.0
splinet,WpMKEZlQ.png,25.29
splinet,Pdk7EOAN.png,9.5
splinet,T8m5vOOh.png,8.24
splinet,C2sW02Pb.png,29.91
splinet,f59DwMeQ.png,9.63
splinet,76YyJwJY.png,4.03
splinet,hZFzX6tN.png,14.79
splinet,3342.png,52.27
splinet,jYXigTxy.png,9.7
splinet,1U1JtTj5.png,32.8
splinet,5sMX8TjO.png,9.54
splinet,3HtNl6m1.png,5.15
splinet,vi109UTc.png,17.64
splinet,dYALjrEi.png,25.92
splinet,5392.png,9.96
splinet,myOVtxk2.png,9.12
splinet,4GhWdDgL.png,3.9
splinet,RTteaWRH.png,38.09
splinet,9OjeQH6M.png,9.39
splinet,fDVGdljM.png,11.81
splinet,IRNeuPY7Fs.png,19.02
splinet,p5UHDR4B.png,39.31
splinet,SysAwAyC.png,18.05
splinet,e6F1B4Nu.png,18.96
splinet,1UXZfhm4.png,9.88
splinet,vdTpgLvv.png,10.58
splinet,cSCqquLSO7.png,52.0
splinet,HyRDlr6n.png,11.76
splinet,kPVkAyrY.png,7.68
splinet,PBftIQuS.png,19.13
splinet,CmpRCo4s.png,8.05
splinet,LfTAP6mC.png,4.78
splinet,kqFfRw0s.png,16.59
splinet,3qJF9mJq.png,5.61
splinet,SmVALmIE.png,18.09
splinet,YDA8oX3r.png,6.85
splinet,2572.png,15.18
splinet,jfvtHMHq.png,15.9
splinet,cWgtknxT.png,5.68
splinet,7hELOk55.png,6.31
splinet,EVyObaim.png,12.77
splinet,trqsuJYz.png,29.07
splinet,S8ISSF7y.png,28.14
splinet,4342.png,69.61
splinet,uul3ykO7.png,12.09
splinet,4542.png,24.43
splinet,Tatbt7GF.png,14.41
splinet,912.png,20.93
splinet,Ck4khjdQ.png,31.39
splinet,KoUS8MUu.png,16.54
splinet,ukDHdzTk.png,35.11
splinet,1432.png,6.72
splinet,3zjXPhH6.png,7.11
splinet,C5dRF6Bx.png,19.33
splinet,5RvkxlEn.png,5.7
splinet,KqXeI8YB.png,55.56
splinet,iB4bryDl.png,13.41
splinet,rsfnjiLK.png,21.25
splinet,GAsEU2H1.png,3.02
splinet,3732.png,39.11
splinet,571OQBB3.png,11.45
splinet,uzUpltzR.png,15.82
splinet,0cbjzEYU.png,14.88
splinet,CIVzV3mb.png,18.85
splinet,P7DvpTbO.png,12.78
splinet,IUY4ozVz.png,24.58
splinet,sIRg3bxV.png,27.65
splinet,ArTcMtzr.png,17.48
splinet,iR11xmm6.png,17.27
splinet,nvlANjdbd6.png,1.2
splinet,YSv3ZMAB.png,16.51
splinet,kyQ2yLJO.png,16.64
splinet,rTZ2kCFZ.png,9.67
splinet,8uJvuh9c.png,28.33
splinet,png94Aoo.png,50.32
splinet,ZfmtpDL9.png,13.31
splinet,a1Zj8R9J.png,0.22
splinet,FRFRsMss.png,0.99
splinet,3892.png,27.33
splinet,2482.png,4.95
splinet,1qi37zp9.png,10.68
splinet,15OshbSL.png,10.2
splinet,L89OcRuX.png,11.58
splinet,UWcUPcvd.png,21.94
splinet,1002.png,24.38
splinet,jhoN0GAh.png,29.91
splinet,fHkWwhPL.png,12.35
splinet,nI8qfDOzfs.png,37.84
splinet,j1xXEzjl.png,2.7
splinet,SNx8RfoB.png,25.07
splinet,jb2OPpkq.png,17.07
splinet,st8rpLhL.png,22.26
splinet,isiXY0j2.png,9.17
splinet,0AKZCRZA.png,6.02
splinet,Npu9rXIe.png,3.69
splinet,waIStcBU.png,26.6
splinet,1GM0KHq0.png,21.75
splinet,sfk3xiQF.png,24.96
splinet,vwj2tucD.png,27.3
splinet,nW0D1IyP.png,34.77
splinet,5022.png,36.14
splinet,2952.png,33.0
splinet,4112.png,3.89
splinet,lDGCNIdULi.png,16.95
splinet,RR0kaogm.png,6.29
splinet,wjEH5Wse.png,20.32
splinet,jWmtaMHD.png,35.72
splinet,GBSztbDR.png,10.19
splinet,CA0apLYe.png,7.39
splinet,2712.png,22.11
splinet,imyyw77u.png,12.27
splinet,UPWvipTI.png,43.68
no_processing,r8va3t5s.png,12.53
no_processing,f59DwMeQ.png,17.06
no_processing,HyRDlr6n.png,10.46
no_processing,EVyObaim.png,16.7
no_processing,3LMlKF8J.png,15.28
no_processing,0cbjzEYU.png,18.01
no_processing,p7AcQyu4.png,9.51
no_processing,YSv3ZMAB.png,1.19
no_processing,S63ETFU7.png,27.8
no_processing,912.png,18.17
no_processing,L89OcRuX.png,17.86
no_processing,KqXeI8YB.png,11.05
no_processing,xadCi5HBxc.png,16.3
no_processing,5022.png,34.19
no_processing,oMvb4N1U.png,27.23
no_processing,PBftIQuS.png,27.23
no_processing,kPVkAyrY.png,9.98
no_processing,61a6Lr0z.png,24.11
no_processing,rsfnjiLK.png,10.02
no_processing,ZYf6pW74.png,32.9
no_processing,2482.png,12.43
no_processing,nvlANjdbd6.png,6.18
no_processing,1122.png,2.37
no_processing,trqsuJYz.png,55.59
no_processing,4532.png,6.93
no_processing,1UXZfhm4.png,23.15
no_processing,1qi37zp9.png,11.53
no_processing,vdTpgLvv.png,9.92
no_processing,3342.png,39.22
no_processing,2572.png,24.17
no_processing,LWrPSUGL.png,9.67
no_processing,5sMX8TjO.png,13.31
no_processing,lDGCNIdULi.png,17.75
no_processing,tOdxgRa3.png,19.84
no_processing,fHkWwhPL.png,17.88
no_processing,uzq8JHcv.png,10.37
no_processing,sfk3xiQF.png,18.54
no_processing,Tatbt7GF.png,20.97
no_processing,1JjDOfGV.png,12.23
no_processing,wjEH5Wse.png,15.77
no_processing,RV2ohLWa.png,32.34
no_processing,gx8Ivlr7.png,39.78
no_processing,kqFfRw0s.png,9.22
no_processing,f1B2hShN.png,14.14
no_processing,D6ooFFsb.png,32.45
no_processing,phLN04FA.png,14.72
no_processing,st8rpLhL.png,25.82
no_processing,SNx8RfoB.png,20.88
no_processing,w76UyAAA.png,6.97
no_processing,waIStcBU.png,26.2
no_processing,isiXY0j2.png,11.01
no_processing,a1Zj8R9J.png,12.71
no_processing,C2sW02Pb.png,20.08
no_processing,MuzYhuKsV6.png,5.53
no_processing,EPZR1fy0.png,6.14
no_processing,3892.png,18.79
no_processing,76jFmOA9.png,2.66
no_processing,9OjeQH6M.png,11.25
no_processing,jYXigTxy.png,2.58
no_processing,NCieZQsu.png,17.91
no_processing,FRFRsMss.png,1.98
no_processing,pqpowjWytV.png,9.65
no_processing,2492.png,14.33
no_processing,GBSztbDR.png,15.07
no_processing,jhoN0GAh.png,36.6
no_processing,dYALjrEi.png,20.21
no_processing,eZOixM83.png,3.54
no_processing,ZubodrV3.png,27.88
no_processing,1GM0KHq0.png,24.55
no_processing,4342.png,65.34
no_processing,uul3ykO7.png,17.52
no_processing,eD80tfb0.png,17.3
no_processing,UrQOC1ml.png,18.65
no_processing,SmVALmIE.png,23.84
no_processing,vi109UTc.png,15.69
no_processing,DApUfYfM.png,0.3
no_processing,YEstuk8V.png,29.87
no_processing,2632.png,11.85
no_processing,cSCqquLSO7.png,39.25
no_processing,CA0apLYe.png,9.17
no_processing,AfQjsi4W.png,13.91
no_processing,jWmtaMHD.png,21.9
no_processing,ArTcMtzr.png,19.78
no_processing,15OshbSL.png,9.5
no_processing,Hq2PRwHf.png,13.71
no_processing,j7Xr6qTR.png,25.16
no_processing,8VsJwN6h.png,8.17
no_processing,jfvtHMHq.png,19.34
no_processing,nW0D1IyP.png,30.59
no_processing,png94Aoo.png,49.76
no_processing,aNnbkReO.png,5.59
no_processing,P7DvpTbO.png,26.65
no_processing,RTteaWRH.png,41.46
no_processing,rTZ2kCFZ.png,12.85
no_processing,jb2OPpkq.png,4.95
no_processing,imyyw77u.png,14.49
no_processing,5RvkxlEn.png,16.86
no_processing,iB4bryDl.png,8.5
no_processing,5bUMtSIR.png,6.12
no_processing,oSFm1qls.png,25.75
no_processing,Wlm1gZ36.png,9.83
no_processing,KK8BVNDT.png,11.23
no_processing,2952.png,22.32
no_processing,UWcUPcvd.png,19.2
no_processing,IUY4ozVz.png,21.1
no_processing,76YyJwJY.png,14.33
no_processing,Npu9rXIe.png,4.56
no_processing,LfTAP6mC.png,12.36
no_processing,nwsa6vQR.png,11.62
no_processing,3HtNl6m1.png,17.9
no_processing,kyQ2yLJO.png,15.77
no_processing,emEWx4JF.png,8.12
no_processing,ujrogeR3.png,1.4
no_processing,0PYwg4mI.png,1.48
no_processing,uWqIuxIe.png,29.78
no_processing,lbJ9bk0k.png,15.53
no_processing,myOVtxk2.png,12.53
no_processing,cWgtknxT.png,12.91
no_processing,sIRg3bxV.png,35.9
no_processing,syEnsfOi.png,23.94
no_processing,ukDHdzTk.png,33.1
no_processing,1GjI0YIS.png,2.97
no_processing,4112.png,7.36
no_processing,S8ISSF7y.png,16.36
no_processing,K6Zzjawc.png,27.71
no_processing,RR0kaogm.png,15.35
no_processing,DFxh5iCv0V.png,27.37
no_processing,e6F1B4Nu.png,9.9
no_processing,4GhWdDgL.png,9.27
no_processing,5jZ7JEaf.png,11.21
no_processing,uzUpltzR.png,17.64
no_processing,LsKt0JiE.png,2.33
no_processing,Pdk7EOAN.png,18.43
no_processing,VaD7nRZa.png,14.29
no_processing,7hELOk55.png,2.66
no_processing,Aou9FnAk.png,18.03
no_processing,CIVzV3mb.png,21.37
no_processing,p5UHDR4B.png,29.55
no_processing,1U1JtTj5.png,29.94
no_processing,hZFzX6tN.png,19.02
no_processing,ZfmtpDL9.png,9.79
no_processing,T8m5vOOh.png,3.12
no_processing,j1xXEzjl.png,3.75
no_processing,3qJF9mJq.png,18.24
no_processing,oMQIIlkmQs.png,8.07
no_processing,3dvapOjm.png,13.37
no_processing,YDA8oX3r.png,20.07
no_processing,fDVGdljM.png,17.75
no_processing,Cc00ToIMR8.png,8.78
no_processing,2462.png,5.24
no_processing,C5dRF6Bx.png,12.81
no_processing,PekClLmT.png,29.3
no_processing,xbCT8GYB.png,10.19
no_processing,571OQBB3.png,18.97
no_processing,p1YUESDg.png,14.29
no_processing,AVCp2OuH.png,6.4
no_processing,1hE4hLmY.png,5.38
no_processing,YXlYNduz.png,41.3
no_processing,iR11xmm6.png,14.22
no_processing,GAsEU2H1.png,11.51
no_processing,UPWvipTI.png,41.26
no_processing,WpMKEZlQ.png,19.72
no_processing,YN3WBEw4Nm.png,21.06
no_processing,3zjXPhH6.png,7.21
no_processing,9zHgXPOC.png,8.02
no_processing,0AKZCRZA.png,25.0
no_processing,2712.png,19.98
no_processing,3732.png,31.22
no_processing,CmpRCo4s.png,13.63
no_processing,1002.png,22.75
no_processing,aI3134Gxqs.png,20.55
no_processing,HRIDu722.png,34.17
no_processing,FH6CKJPm.png,6.42
no_processing,IRNeuPY7Fs.png,12.53
no_processing,KoUS8MUu.png,19.37
no_processing,SysAwAyC.png,19.94
no_processing,p5atvZRX.png,17.14
no_processing,t4bWTXvcYK.png,27.61
no_processing,vwj2tucD.png,17.45
no_processing,nI8qfDOzfs.png,26.61
no_processing,7OKvzizH.png,8.83
no_processing,38aOJGmc.png,14.21
no_processing,Ck4khjdQ.png,29.86
no_processing,4542.png,21.19
no_processing,wOo8ErAp.png,16.07
no_processing,8uJvuh9c.png,25.53
clahe,MuzYhuKsV6.png,15.79
clahe,RR0kaogm.png,3.29
clahe,Cc00ToIMR8.png,24.38
clahe,NCieZQsu.png,15.14
clahe,UPWvipTI.png,43.84
clahe,3dvapOjm.png,4.02
clahe,8VsJwN6h.png,8.87
clahe,uWqIuxIe.png,35.6
clahe,uul3ykO7.png,25.75
clahe,8uJvuh9c.png,30.35
clahe,jNBwbjpf.png,6.56
clahe,WCDgx0hR.png,3.03
clahe,nvlANjdbd6.png,18.16
clahe,jfvtHMHq.png,30.25
clahe,gx8Ivlr7.png,52.51
clahe,Tatbt7GF.png,16.57
clahe,t4bWTXvcYK.png,42.2
clahe,EVyObaim.png,23.19
clahe,f59DwMeQ.png,14.91
clahe,PBftIQuS.png,23.57
clahe,2482.png,27.78
clahe,HyRDlr6n.png,16.9
clahe,r8va3t5s.png,13.5
clahe,aI3134Gxqs.png,17.57
clahe,571OQBB3.png,11.41
clahe,LWrPSUGL.png,19.75
clahe,KoUS8MUu.png,20.7
clahe,p1YUESDg.png,27.64
clahe,nI8qfDOzfs.png,41.88
clahe,SmVALmIE.png,24.63
clahe,1432.png,17.04
clahe,SysAwAyC.png,19.91
clahe,FH6CKJPm.png,19.9
clahe,fDVGdljM.png,5.33
clahe,RTteaWRH.png,4.03
clahe,eZOixM83.png,22.65
clahe,D6ooFFsb.png,49.27
clahe,DApUfYfM.png,10.72
clahe,aq7UpMwwxj.png,9.53
clahe,waIStcBU.png,30.52
clahe,KK8BVNDT.png,5.14
clahe,j7Xr6qTR.png,18.87
clahe,3892.png,28.48
clahe,ukDHdzTk.png,37.36
clahe,2462.png,1.27
clahe,Ck4khjdQ.png,44.5
clahe,SNx8RfoB.png,37.03
clahe,AfQjsi4W.png,21.55
clahe,sfk3xiQF.png,34.78
clahe,5sMX8TjO.png,8.04
clahe,P7DvpTbO.png,10.69
clahe,uzUpltzR.png,30.12
clahe,ujrogeR3.png,11.41
clahe,j1xXEzjl.png,23.07
clahe,VaD7nRZa.png,27.64
clahe,RV2ohLWa.png,48.7
clahe,WpMKEZlQ.png,34.06
clahe,CA0apLYe.png,2.2
clahe,7hELOk55.png,14.09
clahe,GBSztbDR.png,29.79
clahe,oSFm1qls.png,12.45
clahe,lDGCNIdULi.png,16.48
clahe,kPVkAyrY.png,24.4
clahe,lbJ9bk0k.png,10.83
clahe,4532.png,16.9
clahe,2952.png,38.96
clahe,emEWx4JF.png,16.04
clahe,hZFzX6tN.png,20.45
clahe,KqXeI8YB.png,50.5
clahe,PekClLmT.png,42.94
clahe,isiXY0j2.png,23.75
clahe,7OKvzizH.png,2.54
clahe,vwj2tucD.png,33.81
clahe,vdTpgLvv.png,20.45
clahe,png94Aoo.png,53.06
clahe,Npu9rXIe.png,11.84
clahe,1002.png,31.52
clahe,38aOJGmc.png,18.25
clahe,LfTAP6mC.png,24.73
clahe,CmpRCo4s.png,14.38
clahe,L89OcRuX.png,27.19
clahe,5022.png,31.92
clahe,3342.png,56.71
clahe,oMQIIlkmQs.png,17.79
clahe,oMvb4N1U.png,47.29
clahe,uzq8JHcv.png,17.16
clahe,912.png,23.92
clahe,9zHgXPOC.png,16.13
clahe,3LMlKF8J.png,16.02
clahe,T8m5vOOh.png,16.77
clahe,aNnbkReO.png,16.85
clahe,ArTcMtzr.png,11.94
clahe,e6F1B4Nu.png,24.91
clahe,xbCT8GYB.png,15.67
clahe,5RvkxlEn.png,26.19
clahe,wOo8ErAp.png,16.21
clahe,C2sW02Pb.png,35.08
clahe,2492.png,29.32
clahe,eD80tfb0.png,33.27
clahe,sIRg3bxV.png,30.63
clahe,st8rpLhL.png,19.78
clahe,iR11xmm6.png,25.04
clahe,2712.png,29.17
clahe,5392.png,13.35
clahe,pqpowjWytV.png,18.32
clahe,EPZR1fy0.png,19.86
clahe,cWgtknxT.png,8.68
clahe,ZubodrV3.png,43.69
clahe,5jZ7JEaf.png,21.28
clahe,2632.png,3.25
clahe,HRIDu722.png,50.34
clahe,nW0D1IyP.png,22.85
clahe,p5UHDR4B.png,46.55
clahe,v8BUbM0qzh.png,2.29
clahe,0AKZCRZA.png,19.23
clahe,4GhWdDgL.png,7.46
clahe,rTZ2kCFZ.png,16.74
clahe,Aou9FnAk.png,22.62
clahe,1qi37zp9.png,24.37
clahe,p7AcQyu4.png,14.18
clahe,GAsEU2H1.png,10.43
clahe,S63ETFU7.png,27.46
clahe,AVCp2OuH.png,20.78
clahe,15OshbSL.png,15.26
clahe,76YyJwJY.png,6.04
clahe,1U1JtTj5.png,21.91
clahe,3zjXPhH6.png,15.83
clahe,DFxh5iCv0V.png,44.32
clahe,dYALjrEi.png,36.81
clahe,0cbjzEYU.png,15.39
clahe,nwsa6vQR.png,21.76
clahe,CIVzV3mb.png,36.56
clahe,4112.png,23.38
clahe,cSCqquLSO7.png,59.44
clahe,IUY4ozVz.png,33.83
clahe,UWcUPcvd.png,28.91
clahe,1JjDOfGV.png,19.27
clahe,phLN04FA.png,20.92
clahe,jWmtaMHD.png,9.28
clahe,4542.png,31.03
clahe,jhoN0GAh.png,20.53
clahe,1hE4hLmY.png,6.17
clahe,Hq2PRwHf.png,2.75
clahe,1GM0KHq0.png,28.88
clahe,61a6Lr0z.png,15.01
clahe,4342.png,38.85
clahe,FRFRsMss.png,9.19
clahe,YEstuk8V.png,48.75
clahe,vi109UTc.png,21.39
clahe,YN3WBEw4Nm.png,20.79
clahe,9OjeQH6M.png,7.36
clahe,S8ISSF7y.png,29.53
clahe,1GjI0YIS.png,22.46
clahe,syEnsfOi.png,40.55
clahe,trqsuJYz.png,37.17
clahe,ZYf6pW74.png,28.88
clahe,wjEH5Wse.png,21.63
clahe,2372.png,13.42
clahe,3qJF9mJq.png,6.86
clahe,InXetlKB.png,1.15
clahe,1122.png,16.51
clahe,fHkWwhPL.png,10.33
clahe,5bUMtSIR.png,16.33
clahe,p5atvZRX.png,19.73
clahe,C5dRF6Bx.png,26.75
clahe,3732.png,48.69
clahe,YXlYNduz.png,10.58
clahe,Wlm1gZ36.png,9.09
clahe,rsfnjiLK.png,21.23
clahe,kqFfRw0s.png,15.5
clahe,f1B2hShN.png,14.11
clahe,ZfmtpDL9.png,6.14
clahe,YSv3ZMAB.png,26.75
clahe,76jFmOA9.png,11.86
clahe,jb2OPpkq.png,30.49
clahe,w76UyAAA.png,23.31
clahe,imyyw77u.png,26.7
clahe,xadCi5HBxc.png,4.69
